제목,날짜,조회수,tip_link
12월 31일(화) 베른 대도서관 업데이트 내역 안내(수정),2019.12.31,공지글,https://lostark.game.onstove.com//Library/Tip/NoticeViews/758?page=1&libraryStatusType=0&librarySearchCategory=0&searchtype=0&searchtext=&ordertype=latest&LibraryQaAnswerType=None&UserPageType=0
Q&A 게시판 이용 안내,2018.11.29,공지글,https://lostark.game.onstove.com//Library/Tip/NoticeViews/184?page=1&libraryStatusType=0&librarySearchCategory=0&searchtype=0&searchtext=&ordertype=latest&LibraryQaAnswerType=None&UserPageType=0
베른 대도서관 2020년 서비스 이용 수칙 안내,2018.11.07,공지글,https://lostark.game.onstove.com//Library/Tip/NoticeViews/61?page=1&libraryStatusType=0&librarySearchCategory=0&searchtype=0&searchtext=&ordertype=latest&LibraryQaAnswerType=None&UserPageType=0
로스트아크 뉴비레벨업가이드 8화 뉴비및점핑 템렙725부터 800까지 올리는 방법,2020.01.21,117,https://lostark.game.onstove.com//Library/Tip/Views/129391?page=1&libraryStatusType=0&librarySearchCategory=0&searchtype=0&searchtext=&ordertype=latest&LibraryQaAnswerType=None&UserPageType=0
로스트아크 뉴비레벨업가이드 7화 뉴비및점핑 템렙 600부터 725까지올리는방법,2020.01.04,"1,608",https://lostark.game.onstove.com//Library/Tip/Views/129314?page=1&libraryStatusType=0&librarySearchCategory=0&searchtype=0&searchtext=&ordertype=latest&LibraryQaAnswerType=None&UserPageType=0
디멘션큐브 생존 랜덤 패턴 빠지는 법,2019.12.16,931,https://lostark.game.onstove.com//Library/Tip/Views/129199?page=1&libraryStatusType=0&librarySearchCategory=0&searchtype=0&searchtext=&ordertype=latest&LibraryQaAnswerType=None&UserPageType=0
"기공사 312스킬포인트기준. PvP( 대장, 섬멸, 실마엘)스킬트리",2019.12.13,499,https://lostark.game.onstove.com//Library/Tip/Views/129190?page=1&libraryStatusType=0&librarySearchCategory=0&searchtype=0&searchtext=&ordertype=latest&LibraryQaAnswerType=None&UserPageType=0
미스틱3페이즈 공략,2019.12.10,519,https://lostark.game.onstove.com//Library/Tip/Views/129171?page=1&libraryStatusType=0&librarySearchCategory=0&searchtype=0&searchtext=&ordertype=latest&LibraryQaAnswerType=None&UserPageType=0
서머너 스킬트리(직공위주),2019.12.04,"1,469",https://lostark.game.onstove.com//Library/Tip/Views/129104?page=1&libraryStatusType=0&librarySearchCategory=0&searchtype=0&searchtext=&ordertype=latest&LibraryQaAnswerType=None&UserPageType=0
로스트아크 뉴비레벨업가이드 3화 1T레이드편,2019.11.14,"1,529",https://lostark.game.onstove.com//Library/Tip/Views/129050?page=1&libraryStatusType=0&librarySearchCategory=0&searchtype=0&searchtext=&ordertype=latest&LibraryQaAnswerType=None&UserPageType=0
로스트아크 뉴비레벨업가이드 2화 아이템레벨업 필수 재료 아크라시움 수급처,2019.11.12,"1,293",https://lostark.game.onstove.com//Library/Tip/Views/129048?page=1&libraryStatusType=0&librarySearchCategory=0&searchtype=0&searchtext=&ordertype=latest&LibraryQaAnswerType=None&UserPageType=0
[신규&복귀]  초보자가이드 2탄,2019.11.12,"5,935",https://lostark.game.onstove.com//Library/Tip/Views/129047?page=1&libraryStatusType=0&librarySearchCategory=0&searchtype=0&searchtext=&ordertype=latest&LibraryQaAnswerType=None&UserPageType=0
"초보자를 위한, 로린이를 위한, 복귀자를 위한 디스코드",2019.11.07,"1,911",https://lostark.game.onstove.com//Library/Tip/Views/129028?page=1&libraryStatusType=0&librarySearchCategory=0&searchtype=0&searchtext=&ordertype=latest&LibraryQaAnswerType=None&UserPageType=0
로스트아크 뉴비레벨업가이드 1화 자신의 플레이 스타일에 맞는 레벨업 방법 선택하기,2019.11.06,"1,817",https://lostark.game.onstove.com//Library/Tip/Views/129027?page=1&libraryStatusType=0&librarySearchCategory=0&searchtype=0&searchtext=&ordertype=latest&LibraryQaAnswerType=None&UserPageType=0
[아르테미스][로그힐]모험의 서 - 백마를 탄 왕자님,2019.10.27,"1,029",https://lostark.game.onstove.com//Library/Tip/Views/129007?page=1&libraryStatusType=0&librarySearchCategory=0&searchtype=0&searchtext=&ordertype=latest&LibraryQaAnswerType=None&UserPageType=0
[아르테미스][국경지대]모험의 서 - 저주받은 묘지기,2019.10.27,454,https://lostark.game.onstove.com//Library/Tip/Views/129006?page=1&libraryStatusType=0&librarySearchCategory=0&searchtype=0&searchtext=&ordertype=latest&LibraryQaAnswerType=None&UserPageType=0
[아르테미스][국경지대]모험의 서 - 불타버린 사랑,2019.10.27,432,https://lostark.game.onstove.com//Library/Tip/Views/129005?page=1&libraryStatusType=0&librarySearchCategory=0&searchtype=0&searchtext=&ordertype=latest&LibraryQaAnswerType=None&UserPageType=0
로스트아크 뉴비성장가이드 1화 아르테미스편 우선 성장 방법을 정해 볼까요,2019.10.17,"1,361",https://lostark.game.onstove.com//Library/Tip/Views/128985?page=1&libraryStatusType=0&librarySearchCategory=0&searchtype=0&searchtext=&ordertype=latest&LibraryQaAnswerType=None&UserPageType=0
로스트아크 공략 뉴비성장가이드 로아에 인생 갈아 넣은 유저가 시작 전 한마디...,2019.10.15,"2,346",https://lostark.game.onstove.com//Library/Tip/Views/128977?page=1&libraryStatusType=0&librarySearchCategory=0&searchtype=0&searchtext=&ordertype=latest&LibraryQaAnswerType=None&UserPageType=0
로스트아크 신규컨텐츠 리버스루인 블레이드로 들어가봤습니다!,2019.10.10,"1,323",https://lostark.game.onstove.com//Library/Tip/Views/128965?page=1&libraryStatusType=0&librarySearchCategory=0&searchtype=0&searchtext=&ordertype=latest&LibraryQaAnswerType=None&UserPageType=0
창술사 제압 400 원콤 스킬트리,2019.10.02,"2,275",https://lostark.game.onstove.com//Library/Tip/Views/128953?page=1&libraryStatusType=0&librarySearchCategory=0&searchtype=0&searchtext=&ordertype=latest&LibraryQaAnswerType=None&UserPageType=0
우리 다 같이 배럭 사용처 공유해 보아요!,2019.09.23,"1,877",https://lostark.game.onstove.com//Library/Tip/Views/128929?page=1&libraryStatusType=0&librarySearchCategory=0&searchtype=0&searchtext=&ordertype=latest&LibraryQaAnswerType=None&UserPageType=0
트리시온패스 구매하세여 555렙 캐릭있으신분은 그대로 점핑되니,2019.09.12,"3,268",https://lostark.game.onstove.com//Library/Tip/Views/128907?page=1&libraryStatusType=0&librarySearchCategory=0&searchtype=0&searchtext=&ordertype=latest&LibraryQaAnswerType=None&UserPageType=0
12월 31일(화) 베른 대도서관 업데이트 내역 안내(수정),2019.12.31,공지글,https://lostark.game.onstove.com//Library/Tip/NoticeViews/758?page=2&libraryStatusType=0&librarySearchCategory=0&searchtype=0&searchtext=&ordertype=latest&LibraryQaAnswerType=None&UserPageType=0
Q&A 게시판 이용 안내,2018.11.29,공지글,https://lostark.game.onstove.com//Library/Tip/NoticeViews/184?page=2&libraryStatusType=0&librarySearchCategory=0&searchtype=0&searchtext=&ordertype=latest&LibraryQaAnswerType=None&UserPageType=0
베른 대도서관 2020년 서비스 이용 수칙 안내,2018.11.07,공지글,https://lostark.game.onstove.com//Library/Tip/NoticeViews/61?page=2&libraryStatusType=0&librarySearchCategory=0&searchtype=0&searchtext=&ordertype=latest&LibraryQaAnswerType=None&UserPageType=0
모험의 서 마카롱 상인 아리세르 젠시간에 대한추측?,2019.09.08,"1,574",https://lostark.game.onstove.com//Library/Tip/Views/128903?page=2&libraryStatusType=0&librarySearchCategory=0&searchtype=0&searchtext=&ordertype=latest&LibraryQaAnswerType=None&UserPageType=0
로아 캘린더 알람,2019.08.26,"1,864",https://lostark.game.onstove.com//Library/Tip/Views/128857?page=2&libraryStatusType=0&librarySearchCategory=0&searchtype=0&searchtext=&ordertype=latest&LibraryQaAnswerType=None&UserPageType=0
슈샤이어 얼어붙은 바다 히든퀘,2019.08.23,"2,225",https://lostark.game.onstove.com//Library/Tip/Views/128837?page=2&libraryStatusType=0&librarySearchCategory=0&searchtype=0&searchtext=&ordertype=latest&LibraryQaAnswerType=None&UserPageType=0
망각의미궁 100회 돌아서 안타레스의 악몽 입장권 드랍률을 확인 해보았습니다!,2019.08.22,"4,359",https://lostark.game.onstove.com//Library/Tip/Views/128833?page=2&libraryStatusType=0&librarySearchCategory=0&searchtype=0&searchtext=&ordertype=latest&LibraryQaAnswerType=None&UserPageType=0
[이벤트]초보자도 무조건 트리시온패스 받으세요.,2019.08.14,"7,061",https://lostark.game.onstove.com//Library/Tip/Views/128796?page=2&libraryStatusType=0&librarySearchCategory=0&searchtype=0&searchtext=&ordertype=latest&LibraryQaAnswerType=None&UserPageType=0
지켜낸 밤의 고요,2019.08.10,"2,827",https://lostark.game.onstove.com//Library/Tip/Views/128762?page=2&libraryStatusType=0&librarySearchCategory=0&searchtype=0&searchtext=&ordertype=latest&LibraryQaAnswerType=None&UserPageType=0
"로스트아크 반반무마니섬 공략 골드, 실링, 우마늄, 갈라토늄 등 재련템 구하러 가즈아! b",2019.08.08,"1,510",https://lostark.game.onstove.com//Library/Tip/Views/128757?page=2&libraryStatusType=0&librarySearchCategory=0&searchtype=0&searchtext=&ordertype=latest&LibraryQaAnswerType=None&UserPageType=0
로스트아크 욘 공략 템레벨725까지 올리는방법 및 이유 by 류한용,2019.08.07,"4,203",https://lostark.game.onstove.com//Library/Tip/Views/128747?page=2&libraryStatusType=0&librarySearchCategory=0&searchtype=0&searchtext=&ordertype=latest&LibraryQaAnswerType=None&UserPageType=0
로스트아크 공략 신월의섬 섬의마음 얻는 방법 by 류한용,2019.08.05,"1,345",https://lostark.game.onstove.com//Library/Tip/Views/128731?page=2&libraryStatusType=0&librarySearchCategory=0&searchtype=0&searchtext=&ordertype=latest&LibraryQaAnswerType=None&UserPageType=0
블레이드로 경쟁전 꿀팁[배마로태어난 워로드],2019.08.05,770,https://lostark.game.onstove.com//Library/Tip/Views/128728?page=2&libraryStatusType=0&librarySearchCategory=0&searchtype=0&searchtext=&ordertype=latest&LibraryQaAnswerType=None&UserPageType=0
워로드 700대 렙으로 아카테스 공략해보자!!,2019.08.04,"1,523",https://lostark.game.onstove.com//Library/Tip/Views/128726?page=2&libraryStatusType=0&librarySearchCategory=0&searchtype=0&searchtext=&ordertype=latest&LibraryQaAnswerType=None&UserPageType=0
블레이드 PVE 스킬 가이드라인 정리 BY범채,2019.08.03,"9,614",https://lostark.game.onstove.com//Library/Tip/Views/128711?page=2&libraryStatusType=0&librarySearchCategory=0&searchtype=0&searchtext=&ordertype=latest&LibraryQaAnswerType=None&UserPageType=0
로스트아크 암살자 나오기전 미리 하트비트 섬에서 수급합시다!,2019.07.25,"2,466",https://lostark.game.onstove.com//Library/Tip/Views/128679?page=2&libraryStatusType=0&librarySearchCategory=0&searchtype=0&searchtext=&ordertype=latest&LibraryQaAnswerType=None&UserPageType=0
죽음의 협곡 모코코 5개,2019.07.12,"2,659",https://lostark.game.onstove.com//Library/Tip/Views/128633?page=2&libraryStatusType=0&librarySearchCategory=0&searchtype=0&searchtext=&ordertype=latest&LibraryQaAnswerType=None&UserPageType=0
레알로 경쟁전 나만의 승리 비법!,2019.07.03,"3,812",https://lostark.game.onstove.com//Library/Tip/Views/128606?page=2&libraryStatusType=0&librarySearchCategory=0&searchtype=0&searchtext=&ordertype=latest&LibraryQaAnswerType=None&UserPageType=0
인파 나만의 승리 비법,2019.07.02,"1,005",https://lostark.game.onstove.com//Library/Tip/Views/128604?page=2&libraryStatusType=0&librarySearchCategory=0&searchtype=0&searchtext=&ordertype=latest&LibraryQaAnswerType=None&UserPageType=0
프리시즌 브론즈에서 시즌1 플레티넘이 되기까지 알게된 경쟁전 팁들,2019.07.01,995,https://lostark.game.onstove.com//Library/Tip/Views/128600?page=2&libraryStatusType=0&librarySearchCategory=0&searchtype=0&searchtext=&ordertype=latest&LibraryQaAnswerType=None&UserPageType=0
전장특화 애니츠자매하세요,2019.06.30,"1,222",https://lostark.game.onstove.com//Library/Tip/Views/128596?page=2&libraryStatusType=0&librarySearchCategory=0&searchtype=0&searchtext=&ordertype=latest&LibraryQaAnswerType=None&UserPageType=0
배틀마스터 경쟁전꿀팁,2019.06.30,630,https://lostark.game.onstove.com//Library/Tip/Views/128595?page=2&libraryStatusType=0&librarySearchCategory=0&searchtype=0&searchtext=&ordertype=latest&LibraryQaAnswerType=None&UserPageType=0
PVP를 위한 배틀마스터 스킬 알아보기,2019.06.29,940,https://lostark.game.onstove.com//Library/Tip/Views/128592?page=2&libraryStatusType=0&librarySearchCategory=0&searchtype=0&searchtext=&ordertype=latest&LibraryQaAnswerType=None&UserPageType=0
12월 31일(화) 베른 대도서관 업데이트 내역 안내(수정),2019.12.31,공지글,https://lostark.game.onstove.com//Library/Tip/NoticeViews/758?page=3&libraryStatusType=0&librarySearchCategory=0&searchtype=0&searchtext=&ordertype=latest&LibraryQaAnswerType=None&UserPageType=0
Q&A 게시판 이용 안내,2018.11.29,공지글,https://lostark.game.onstove.com//Library/Tip/NoticeViews/184?page=3&libraryStatusType=0&librarySearchCategory=0&searchtype=0&searchtext=&ordertype=latest&LibraryQaAnswerType=None&UserPageType=0
베른 대도서관 2020년 서비스 이용 수칙 안내,2018.11.07,공지글,https://lostark.game.onstove.com//Library/Tip/NoticeViews/61?page=3&libraryStatusType=0&librarySearchCategory=0&searchtype=0&searchtext=&ordertype=latest&LibraryQaAnswerType=None&UserPageType=0
디스트로이어 경쟁전 스킬트리/ 콤보 킬따는거 위주,2019.06.27,749,https://lostark.game.onstove.com//Library/Tip/Views/128578?page=3&libraryStatusType=0&librarySearchCategory=0&searchtype=0&searchtext=&ordertype=latest&LibraryQaAnswerType=None&UserPageType=0
[경쟁전 승리 비법] 배틀마스터,2019.06.27,"2,417",https://lostark.game.onstove.com//Library/Tip/Views/128570?page=3&libraryStatusType=0&librarySearchCategory=0&searchtype=0&searchtext=&ordertype=latest&LibraryQaAnswerType=None&UserPageType=0
바드 경쟁전 플레이하는 법,2019.06.26,"1,380",https://lostark.game.onstove.com//Library/Tip/Views/128565?page=3&libraryStatusType=0&librarySearchCategory=0&searchtype=0&searchtext=&ordertype=latest&LibraryQaAnswerType=None&UserPageType=0
브론즈 900까지 갔던 인파가 실버 1500찍기 까지,2019.06.25,"1,140",https://lostark.game.onstove.com//Library/Tip/Views/128561?page=3&libraryStatusType=0&librarySearchCategory=0&searchtype=0&searchtext=&ordertype=latest&LibraryQaAnswerType=None&UserPageType=0
로스트아크 욘 공략 템레벨600에서 625까지 무과금으로 올리는 방법,2019.06.25,"9,238",https://lostark.game.onstove.com//Library/Tip/Views/128560?page=3&libraryStatusType=0&librarySearchCategory=0&searchtype=0&searchtext=&ordertype=latest&LibraryQaAnswerType=None&UserPageType=0
"패치이후 배틀마스터 간단한 팁(특성,스킬,아이템)",2019.06.25,"1,258",https://lostark.game.onstove.com//Library/Tip/Views/128559?page=3&libraryStatusType=0&librarySearchCategory=0&searchtype=0&searchtext=&ordertype=latest&LibraryQaAnswerType=None&UserPageType=0
디트 경쟁전 나름대로의 팁,2019.06.23,600,https://lostark.game.onstove.com//Library/Tip/Views/128543?page=3&libraryStatusType=0&librarySearchCategory=0&searchtype=0&searchtext=&ordertype=latest&LibraryQaAnswerType=None&UserPageType=0
로스트아크 욘 공략 템레벨 600찍기 by 류한용,2019.06.20,"7,276",https://lostark.game.onstove.com//Library/Tip/Views/128518?page=3&libraryStatusType=0&librarySearchCategory=0&searchtype=0&searchtext=&ordertype=latest&LibraryQaAnswerType=None&UserPageType=0
경쟁전이고 나발이고 팁은 이거뿐아닌가?,2019.06.19,"1,033",https://lostark.game.onstove.com//Library/Tip/Views/128510?page=3&libraryStatusType=0&librarySearchCategory=0&searchtype=0&searchtext=&ordertype=latest&LibraryQaAnswerType=None&UserPageType=0
디스트로이어 경쟁전 룬만 알아도 승률 떡상,2019.06.19,667,https://lostark.game.onstove.com//Library/Tip/Views/128509?page=3&libraryStatusType=0&librarySearchCategory=0&searchtype=0&searchtext=&ordertype=latest&LibraryQaAnswerType=None&UserPageType=0
창술사 스킬트리와 콤보^^,2019.06.16,"4,900",https://lostark.game.onstove.com//Library/Tip/Views/128489?page=3&libraryStatusType=0&librarySearchCategory=0&searchtype=0&searchtext=&ordertype=latest&LibraryQaAnswerType=None&UserPageType=0
창술사로 저티어 경쟁전이기는법,2019.06.15,718,https://lostark.game.onstove.com//Library/Tip/Views/128486?page=3&libraryStatusType=0&librarySearchCategory=0&searchtype=0&searchtext=&ordertype=latest&LibraryQaAnswerType=None&UserPageType=0
블래스터 경쟁전 스트레스 덜받는법,2019.06.14,673,https://lostark.game.onstove.com//Library/Tip/Views/128484?page=3&libraryStatusType=0&librarySearchCategory=0&searchtype=0&searchtext=&ordertype=latest&LibraryQaAnswerType=None&UserPageType=0
로스트아크 신규유저 초보 1티어 레이드 공략 최신판 by 류한용,2019.06.13,"1,224",https://lostark.game.onstove.com//Library/Tip/Views/128475?page=3&libraryStatusType=0&librarySearchCategory=0&searchtype=0&searchtext=&ordertype=latest&LibraryQaAnswerType=None&UserPageType=0
[경쟁전 비법 전수]바드로 경쟁전에서 승리하자!,2019.06.10,"1,322",https://lostark.game.onstove.com//Library/Tip/Views/128460?page=3&libraryStatusType=0&librarySearchCategory=0&searchtype=0&searchtext=&ordertype=latest&LibraryQaAnswerType=None&UserPageType=0
증명의 전장 랭크 올리기,2019.06.10,637,https://lostark.game.onstove.com//Library/Tip/Views/128459?page=3&libraryStatusType=0&librarySearchCategory=0&searchtype=0&searchtext=&ordertype=latest&LibraryQaAnswerType=None&UserPageType=0
기공사 승리비법,2019.06.10,771,https://lostark.game.onstove.com//Library/Tip/Views/128453?page=3&libraryStatusType=0&librarySearchCategory=0&searchtype=0&searchtext=&ordertype=latest&LibraryQaAnswerType=None&UserPageType=0
버서커 피빕 스킬트리,2019.06.06,966,https://lostark.game.onstove.com//Library/Tip/Views/128444?page=3&libraryStatusType=0&librarySearchCategory=0&searchtype=0&searchtext=&ordertype=latest&LibraryQaAnswerType=None&UserPageType=0
디스 승리법,2019.06.05,752,https://lostark.game.onstove.com//Library/Tip/Views/128435?page=3&libraryStatusType=0&librarySearchCategory=0&searchtype=0&searchtext=&ordertype=latest&LibraryQaAnswerType=None&UserPageType=0
저의 블래스터 운영방법.,2019.06.05,891,https://lostark.game.onstove.com//Library/Tip/Views/128434?page=3&libraryStatusType=0&librarySearchCategory=0&searchtype=0&searchtext=&ordertype=latest&LibraryQaAnswerType=None&UserPageType=0
12월 31일(화) 베른 대도서관 업데이트 내역 안내(수정),2019.12.31,공지글,https://lostark.game.onstove.com//Library/Tip/NoticeViews/758?page=4&libraryStatusType=0&librarySearchCategory=0&searchtype=0&searchtext=&ordertype=latest&LibraryQaAnswerType=None&UserPageType=0
Q&A 게시판 이용 안내,2018.11.29,공지글,https://lostark.game.onstove.com//Library/Tip/NoticeViews/184?page=4&libraryStatusType=0&librarySearchCategory=0&searchtype=0&searchtext=&ordertype=latest&LibraryQaAnswerType=None&UserPageType=0
베른 대도서관 2020년 서비스 이용 수칙 안내,2018.11.07,공지글,https://lostark.game.onstove.com//Library/Tip/NoticeViews/61?page=4&libraryStatusType=0&librarySearchCategory=0&searchtype=0&searchtext=&ordertype=latest&LibraryQaAnswerType=None&UserPageType=0
[경재전 승리 비법] 치빠치빠 버서커 즐겜 경쟁전,2019.06.04,624,https://lostark.game.onstove.com//Library/Tip/Views/128433?page=4&libraryStatusType=0&librarySearchCategory=0&searchtype=0&searchtext=&ordertype=latest&LibraryQaAnswerType=None&UserPageType=0
배마 경쟁전 꿀팁,2019.06.04,700,https://lostark.game.onstove.com//Library/Tip/Views/128432?page=4&libraryStatusType=0&librarySearchCategory=0&searchtype=0&searchtext=&ordertype=latest&LibraryQaAnswerType=None&UserPageType=0
로스트아크 신규유저가 레이드 가기전 꼭 알야아 할 것들,2019.06.03,"1,703",https://lostark.game.onstove.com//Library/Tip/Views/128429?page=4&libraryStatusType=0&librarySearchCategory=0&searchtype=0&searchtext=&ordertype=latest&LibraryQaAnswerType=None&UserPageType=0
디트 경쟁전,2019.06.03,644,https://lostark.game.onstove.com//Library/Tip/Views/128426?page=4&libraryStatusType=0&librarySearchCategory=0&searchtype=0&searchtext=&ordertype=latest&LibraryQaAnswerType=None&UserPageType=0
블래스터 승률  오른 팁,2019.06.01,755,https://lostark.game.onstove.com//Library/Tip/Views/128420?page=4&libraryStatusType=0&librarySearchCategory=0&searchtype=0&searchtext=&ordertype=latest&LibraryQaAnswerType=None&UserPageType=0
서머너 입문부터 고급까지(추가),2019.06.01,"1,954",https://lostark.game.onstove.com//Library/Tip/Views/128419?page=4&libraryStatusType=0&librarySearchCategory=0&searchtype=0&searchtext=&ordertype=latest&LibraryQaAnswerType=None&UserPageType=0
버서커 승률 높히기 팁,2019.05.31,753,https://lostark.game.onstove.com//Library/Tip/Views/128416?page=4&libraryStatusType=0&librarySearchCategory=0&searchtype=0&searchtext=&ordertype=latest&LibraryQaAnswerType=None&UserPageType=0
배마 경쟁전,2019.05.31,606,https://lostark.game.onstove.com//Library/Tip/Views/128415?page=4&libraryStatusType=0&librarySearchCategory=0&searchtype=0&searchtext=&ordertype=latest&LibraryQaAnswerType=None&UserPageType=0
이 정도면 플래가는 경쟁전 기초팁(2),2019.05.30,"1,359",https://lostark.game.onstove.com//Library/Tip/Views/128414?page=4&libraryStatusType=0&librarySearchCategory=0&searchtype=0&searchtext=&ordertype=latest&LibraryQaAnswerType=None&UserPageType=0
워로드 경쟁전 비결,2019.05.29,673,https://lostark.game.onstove.com//Library/Tip/Views/128413?page=4&libraryStatusType=0&librarySearchCategory=0&searchtype=0&searchtext=&ordertype=latest&LibraryQaAnswerType=None&UserPageType=0
배마가 경쟁전에서 살아남는 법,2019.05.28,702,https://lostark.game.onstove.com//Library/Tip/Views/128408?page=4&libraryStatusType=0&librarySearchCategory=0&searchtype=0&searchtext=&ordertype=latest&LibraryQaAnswerType=None&UserPageType=0
블래스터 경쟁전,2019.05.26,620,https://lostark.game.onstove.com//Library/Tip/Views/128399?page=4&libraryStatusType=0&librarySearchCategory=0&searchtype=0&searchtext=&ordertype=latest&LibraryQaAnswerType=None&UserPageType=0
경쟁전 인파이터로 살아남기 ..,2019.05.25,"1,334",https://lostark.game.onstove.com//Library/Tip/Views/128395?page=4&libraryStatusType=0&librarySearchCategory=0&searchtype=0&searchtext=&ordertype=latest&LibraryQaAnswerType=None&UserPageType=0
큐브 종류별로 얼마나버는지 조사했습니다,2019.05.24,"1,291",https://lostark.game.onstove.com//Library/Tip/Views/128389?page=4&libraryStatusType=0&librarySearchCategory=0&searchtype=0&searchtext=&ordertype=latest&LibraryQaAnswerType=None&UserPageType=0
호크의 얍삽이 경쟁전,2019.05.23,994,https://lostark.game.onstove.com//Library/Tip/Views/128384?page=4&libraryStatusType=0&librarySearchCategory=0&searchtype=0&searchtext=&ordertype=latest&LibraryQaAnswerType=None&UserPageType=0
신규이벤트 보스 천둥날개 본캐 부캐 두번잡기,2019.05.22,"1,237",https://lostark.game.onstove.com//Library/Tip/Views/128380?page=4&libraryStatusType=0&librarySearchCategory=0&searchtype=0&searchtext=&ordertype=latest&LibraryQaAnswerType=None&UserPageType=0
경쟁전 0티어 기공사의 모든것,2019.05.22,"1,640",https://lostark.game.onstove.com//Library/Tip/Views/128374?page=4&libraryStatusType=0&librarySearchCategory=0&searchtype=0&searchtext=&ordertype=latest&LibraryQaAnswerType=None&UserPageType=0
프뉴마에 벨로나를 태우면 얼마나빠를까?(섬마70개보상),2019.05.21,"1,312",https://lostark.game.onstove.com//Library/Tip/Views/128372?page=4&libraryStatusType=0&librarySearchCategory=0&searchtype=0&searchtext=&ordertype=latest&LibraryQaAnswerType=None&UserPageType=0
아르카나 경쟁전,2019.05.21,742,https://lostark.game.onstove.com//Library/Tip/Views/128371?page=4&libraryStatusType=0&librarySearchCategory=0&searchtype=0&searchtext=&ordertype=latest&LibraryQaAnswerType=None&UserPageType=0
이것만 따라하면 이번시즌은 보상 획득! 입문자용 경쟁전 공략,2019.05.21,"1,324",https://lostark.game.onstove.com//Library/Tip/Views/128370?page=4&libraryStatusType=0&librarySearchCategory=0&searchtype=0&searchtext=&ordertype=latest&LibraryQaAnswerType=None&UserPageType=0
12월 31일(화) 베른 대도서관 업데이트 내역 안내(수정),2019.12.31,공지글,https://lostark.game.onstove.com//Library/Tip/NoticeViews/758?page=5&libraryStatusType=0&librarySearchCategory=0&searchtype=0&searchtext=&ordertype=latest&LibraryQaAnswerType=None&UserPageType=0
Q&A 게시판 이용 안내,2018.11.29,공지글,https://lostark.game.onstove.com//Library/Tip/NoticeViews/184?page=5&libraryStatusType=0&librarySearchCategory=0&searchtype=0&searchtext=&ordertype=latest&LibraryQaAnswerType=None&UserPageType=0
베른 대도서관 2020년 서비스 이용 수칙 안내,2018.11.07,공지글,https://lostark.game.onstove.com//Library/Tip/NoticeViews/61?page=5&libraryStatusType=0&librarySearchCategory=0&searchtype=0&searchtext=&ordertype=latest&LibraryQaAnswerType=None&UserPageType=0
경쟁전 승리 비법 [워로드],2019.05.20,708,https://lostark.game.onstove.com//Library/Tip/Views/128365?page=5&libraryStatusType=0&librarySearchCategory=0&searchtype=0&searchtext=&ordertype=latest&LibraryQaAnswerType=None&UserPageType=0
경쟁전 쉽게 이기는법,2019.05.20,"1,032",https://lostark.game.onstove.com//Library/Tip/Views/128363?page=5&libraryStatusType=0&librarySearchCategory=0&searchtype=0&searchtext=&ordertype=latest&LibraryQaAnswerType=None&UserPageType=0
흑동고래 난다요~!,2019.05.20,750,https://lostark.game.onstove.com//Library/Tip/Views/128360?page=5&libraryStatusType=0&librarySearchCategory=0&searchtype=0&searchtext=&ordertype=latest&LibraryQaAnswerType=None&UserPageType=0
pvp를 위한 스킬 판정 기본부터 심화까지,2019.05.20,"1,478",https://lostark.game.onstove.com//Library/Tip/Views/128359?page=5&libraryStatusType=0&librarySearchCategory=0&searchtype=0&searchtext=&ordertype=latest&LibraryQaAnswerType=None&UserPageType=0
데헌 경쟁전 하는방법,2019.05.20,737,https://lostark.game.onstove.com//Library/Tip/Views/128358?page=5&libraryStatusType=0&librarySearchCategory=0&searchtype=0&searchtext=&ordertype=latest&LibraryQaAnswerType=None&UserPageType=0
이정도면 골드가는 경쟁전 기초팁(1),2019.05.19,"1,018",https://lostark.game.onstove.com//Library/Tip/Views/128352?page=5&libraryStatusType=0&librarySearchCategory=0&searchtype=0&searchtext=&ordertype=latest&LibraryQaAnswerType=None&UserPageType=0
승리비법100 프로,2019.05.19,699,https://lostark.game.onstove.com//Library/Tip/Views/128351?page=5&libraryStatusType=0&librarySearchCategory=0&searchtype=0&searchtext=&ordertype=latest&LibraryQaAnswerType=None&UserPageType=0
경쟁전 승률 80% 이상 운영방법,2019.05.19,"1,527",https://lostark.game.onstove.com//Library/Tip/Views/128349?page=5&libraryStatusType=0&librarySearchCategory=0&searchtype=0&searchtext=&ordertype=latest&LibraryQaAnswerType=None&UserPageType=0
디트 경쟁전 승리방법,2019.05.19,685,https://lostark.game.onstove.com//Library/Tip/Views/128348?page=5&libraryStatusType=0&librarySearchCategory=0&searchtype=0&searchtext=&ordertype=latest&LibraryQaAnswerType=None&UserPageType=0
경쟁전 이기는 방법,2019.05.18,647,https://lostark.game.onstove.com//Library/Tip/Views/128344?page=5&libraryStatusType=0&librarySearchCategory=0&searchtype=0&searchtext=&ordertype=latest&LibraryQaAnswerType=None&UserPageType=0
경쟁전 승리 위한 팁,2019.05.18,691,https://lostark.game.onstove.com//Library/Tip/Views/128343?page=5&libraryStatusType=0&librarySearchCategory=0&searchtype=0&searchtext=&ordertype=latest&LibraryQaAnswerType=None&UserPageType=0
우거진 갈대섬의 마음 얻는방법,2019.05.18,"1,444",https://lostark.game.onstove.com//Library/Tip/Views/128342?page=5&libraryStatusType=0&librarySearchCategory=0&searchtype=0&searchtext=&ordertype=latest&LibraryQaAnswerType=None&UserPageType=0
아르카나의 경쟁전(섬멸전) 승리비법. VER. 5/20,2019.05.18,9999+,https://lostark.game.onstove.com//Library/Tip/Views/128339?page=5&libraryStatusType=0&librarySearchCategory=0&searchtype=0&searchtext=&ordertype=latest&LibraryQaAnswerType=None&UserPageType=0
인파 경쟁전 팁과 간단한 운영 영상 !,2019.05.18,"1,180",https://lostark.game.onstove.com//Library/Tip/Views/128338?page=5&libraryStatusType=0&librarySearchCategory=0&searchtype=0&searchtext=&ordertype=latest&LibraryQaAnswerType=None&UserPageType=0
로스트아크 게임공략영상 신규유저를위한가이드영상 #3 만렙찍고 이제 뭘해!?,2019.05.17,"4,251",https://lostark.game.onstove.com//Library/Tip/Views/128333?page=5&libraryStatusType=0&librarySearchCategory=0&searchtype=0&searchtext=&ordertype=latest&LibraryQaAnswerType=None&UserPageType=0
답도 없는 인파이터 과연 경쟁전 어떻게 해야하는가?,2019.05.17,977,https://lostark.game.onstove.com//Library/Tip/Views/128331?page=5&libraryStatusType=0&librarySearchCategory=0&searchtype=0&searchtext=&ordertype=latest&LibraryQaAnswerType=None&UserPageType=0
기공사 2019점 다이아 공략,2019.05.17,"1,250",https://lostark.game.onstove.com//Library/Tip/Views/128329?page=5&libraryStatusType=0&librarySearchCategory=0&searchtype=0&searchtext=&ordertype=latest&LibraryQaAnswerType=None&UserPageType=0
포르페리턴즈 (부캐들의 반란),2019.05.17,743,https://lostark.game.onstove.com//Library/Tip/Views/128328?page=5&libraryStatusType=0&librarySearchCategory=0&searchtype=0&searchtext=&ordertype=latest&LibraryQaAnswerType=None&UserPageType=0
경쟁전 승리의 기본공식,2019.05.17,721,https://lostark.game.onstove.com//Library/Tip/Views/128326?page=5&libraryStatusType=0&librarySearchCategory=0&searchtype=0&searchtext=&ordertype=latest&LibraryQaAnswerType=None&UserPageType=0
+바드로 8연승 플레 1846점 달성후기+,2019.05.17,"1,243",https://lostark.game.onstove.com//Library/Tip/Views/128325?page=5&libraryStatusType=0&librarySearchCategory=0&searchtype=0&searchtext=&ordertype=latest&LibraryQaAnswerType=None&UserPageType=0
